{
  "Ansi 7 Color (Light)" : {
    "Red Component" : 0.41568627450980389,
    "Color Space" : "sRGB",
    "Blue Component" : 0.49019607843137247,
    "Green Component" : 0.45098039215686281
  },
  "Brighten Bold Text (Light)" : false,
  "Ansi 15 Color (Light)" : {
    "Red Component" : 0.81960784313725488,
    "Color Space" : "sRGB",
    "Blue Component" : 0.85490196078431369,
    "Green Component" : 0.83529411764705885
  },
  "Ansi 2 Color (Light)" : {
    "Red Component" : 0.15686274509803921,
    "Color Space" : "sRGB",
    "Blue Component" : 0.27058823529411757,
    "Green Component" : 0.65490196078431373
  },
  "Bold Color" : {
    "Green Component" : 1,
    "Blue Component" : 1,
    "Red Component" : 1
  },
  "Ansi 1 Color (Dark)" : {
    "Red Component" : 0.91764705882352937,
    "Color Space" : "sRGB",
    "Blue Component" : 0.35294117647058831,
    "Green Component" : 0.29019607843137257
  },
  "Use Bright Bold" : true,
  "Ansi 9 Color (Light)" : {
    "Red Component" : 0.79607843137254897,
    "Color Space" : "sRGB",
    "Blue Component" : 0.19215686274509811,
    "Green Component" : 0.14117647058823529
  },
  "Ansi 8 Color (Dark)" : {
    "Red Component" : 0.58431372549019611,
    "Color Space" : "sRGB",
    "Blue Component" : 0.6470588235294118,
    "Green Component" : 0.61568627450980395
  },
  "Use Bright Bold (Dark)" : true,
  "Background Color" : {
    "Green Component" : 0,
    "Blue Component" : 0,
    "Red Component" : 0
  },
  "Ansi 8 Color" : {
    "Green Component" : 0.3333333432674408,
    "Blue Component" : 0.3333333432674408,
    "Red Component" : 0.3333333432674408
  },
  "Columns" : 80,
  "Right Option Key Sends" : 0,
  "Ansi 4 Color (Light)" : {
    "Red Component" : 0.011764705882352899,
    "Color Space" : "sRGB",
    "Blue Component" : 0.83921568627450982,
    "Green Component" : 0.40000000000000002
  },
  "Blinking Cursor" : false,
  "Selected Text Color (Light)" : {
    "Red Component" : 0.14117647058823529,
    "Color Space" : "sRGB",
    "Blue Component" : 0.18431372549019609,
    "Green Component" : 0.16078431372549021
  },
  "Selected Text Color (Dark)" : {
    "Red Component" : 0.78823529411764703,
    "Color Space" : "sRGB",
    "Blue Component" : 0.85098039215686272,
    "Green Component" : 0.81960784313725488
  },
  "Ansi 3 Color (Dark)" : {
    "Red Component" : 1,
    "Color Space" : "sRGB",
    "Blue Component" : 0.49803921568627452,
    "Green Component" : 0.91764705882352937
  },
  "Keyboard Map" : {
    "0xf700-0x260000" : {
      "Text" : "[1;6A",
      "Action" : 10
    },
    "0x37-0x40000" : {
      "Text" : "0x1f",
      "Action" : 11
    },
    "0x32-0x40000" : {
      "Text" : "0x00",
      "Action" : 11
    },
    "0xf709-0x20000" : {
      "Text" : "[17;2~",
      "Action" : 10
    },
    "0xf70c-0x20000" : {
      "Text" : "[20;2~",
      "Action" : 10
    },
    "0xf729-0x20000" : {
      "Text" : "[1;2H",
      "Action" : 10
    },
    "0xf72b-0x40000" : {
      "Text" : "[1;5F",
      "Action" : 10
    },
    "0xf705-0x20000" : {
      "Text" : "[1;2Q",
      "Action" : 10
    },
    "0xf703-0x260000" : {
      "Text" : "[1;6C",
      "Action" : 10
    },
    "0xf700-0x220000" : {
      "Text" : "[1;2A",
      "Action" : 10
    },
    "0xf701-0x280000" : {
      "Text" : "0x1b 0x1b 0x5b 0x42",
      "Action" : 11
    },
    "0x38-0x40000" : {
      "Text" : "0x7f",
      "Action" : 11
    },
    "0x33-0x40000" : {
      "Text" : "0x1b",
      "Action" : 11
    },
    "0xf703-0x220000" : {
      "Text" : "[1;2C",
      "Action" : 10
    },
    "0xf701-0x240000" : {
      "Text" : "[1;5B",
      "Action" : 10
    },
    "0xf70d-0x20000" : {
      "Text" : "[21;2~",
      "Action" : 10
    },
    "0xf702-0x260000" : {
      "Text" : "[1;6D",
      "Action" : 10
    },
    "0xf729-0x40000" : {
      "Text" : "[1;5H",
      "Action" : 10
    },
    "0xf706-0x20000" : {
      "Text" : "[1;2R",
      "Action" : 10
    },
    "0x34-0x40000" : {
      "Text" : "0x1c",
      "Action" : 11
    },
    "0xf700-0x280000" : {
      "Text" : "0x1b 0x1b 0x5b 0x41",
      "Action" : 11
    },
    "0x2d-0x40000" : {
      "Text" : "0x1f",
      "Action" : 11
    },
    "0xf70e-0x20000" : {
      "Text" : "[23;2~",
      "Action" : 10
    },
    "0xf702-0x220000" : {
      "Text" : "[1;2D",
      "Action" : 10
    },
    "0xf703-0x280000" : {
      "Text" : "0x1b 0x1b 0x5b 0x43",
      "Action" : 11
    },
    "0xf700-0x240000" : {
      "Text" : "[1;5A",
      "Action" : 10
    },
    "0xf707-0x20000" : {
      "Text" : "[1;2S",
      "Action" : 10
    },
    "0xf70a-0x20000" : {
      "Text" : "[18;2~",
      "Action" : 10
    },
    "0x35-0x40000" : {
      "Text" : "0x1d",
      "Action" : 11
    },
    "0xf70f-0x20000" : {
      "Text" : "[24;2~",
      "Action" : 10
    },
    "0xf703-0x240000" : {
      "Text" : "[1;5C",
      "Action" : 10
    },
    "0xf701-0x260000" : {
      "Text" : "[1;6B",
      "Action" : 10
    },
    "0xf702-0x280000" : {
      "Text" : "0x1b 0x1b 0x5b 0x44",
      "Action" : 11
    },
    "0xf72b-0x20000" : {
      "Text" : "[1;2F",
      "Action" : 10
    },
    "0x36-0x40000" : {
      "Text" : "0x1e",
      "Action" : 11
    },
    "0xf708-0x20000" : {
      "Text" : "[15;2~",
      "Action" : 10
    },
    "0xf701-0x220000" : {
      "Text" : "[1;2B",
      "Action" : 10
    },
    "0xf70b-0x20000" : {
      "Text" : "[19;2~",
      "Action" : 10
    },
    "0xf702-0x240000" : {
      "Text" : "[1;5D",
      "Action" : 10
    },
    "0xf704-0x20000" : {
      "Text" : "[1;2P",
      "Action" : 10
    }
  },
  "Visual Bell" : true,
  "Cursor Text Color" : {
    "Green Component" : 1,
    "Blue Component" : 1,
    "Red Component" : 1
  },
  "Scrollback Lines" : 1000,
  "Selection Color (Light)" : {
    "Red Component" : 0.85882352941176465,
    "Color Space" : "sRGB",
    "Blue Component" : 0.97647058823529409,
    "Green Component" : 0.9137254901960784
  },
  "Ansi 0 Color" : {
    "Green Component" : 0,
    "Blue Component" : 0,
    "Red Component" : 0
  },
  "Ansi 11 Color (Light)" : {
    "Red Component" : 0.69019607843137254,
    "Color Space" : "sRGB",
    "Blue Component" : 0,
    "Green Component" : 0.53333333333333333
  },
  "Ansi 5 Color (Dark)" : {
    "Red Component" : 0.70196078431372544,
    "Color Space" : "sRGB",
    "Blue Component" : 0.94117647058823528,
    "Green Component" : 0.5725490196078431
  },
  "Cursor Text Color (Light)" : {
    "Red Component" : 1,
    "Color Space" : "sRGB",
    "Blue Component" : 1,
    "Green Component" : 1
  },
  "Silence Bell" : false,
  "Use Custom Tab Title" : false,
  "Rows" : 25,
  "Draw Powerline Glyphs" : false,
  "Guid" : "7BA5AD29-D108-43C7-9522-13031A373C52",
  "Ansi 14 Color (Dark)" : {
    "Red Component" : 0.33725490196078428,
    "Color Space" : "sRGB",
    "Blue Component" : 0.8666666666666667,
    "Green Component" : 0.83137254901960789
  },
  "Use Cursor Guide (Dark)" : false,
  "Ansi 15 Color (Dark)" : {
    "Red Component" : 0.98039215686274506,
    "Color Space" : "sRGB",
    "Blue Component" : 0.9882352941176471,
    "Green Component" : 0.98431372549019602
  },
  "Ansi 0 Color (Dark)" : {
    "Red Component" : 0.34509803921568633,
    "Color Space" : "sRGB",
    "Blue Component" : 0.41176470588235292,
    "Green Component" : 0.37647058823529411
  },
  "Ambiguous Double Width" : false,
  "Option Key Sends" : 0,
  "Ansi 3 Color" : {
    "Green Component" : 0.73333334922790527,
    "Blue Component" : 0,
    "Red Component" : 0.73333334922790527
  },
  "Window Type" : 0,
  "Smart Cursor Color (Dark)" : false,
  "BM Growl" : true,
  "Prompt Before Closing 2" : false,
  "Command" : "",
  "Smart Cursor Color (Light)" : false,
  "Use Bright Bold (Light)" : true,
  "Selected Text Color" : {
    "Green Component" : 0,
    "Blue Component" : 0,
    "Red Component" : 0
  },
  "Ansi 14 Color (Light)" : {
    "Red Component" : 0.19215686274509811,
    "Color Space" : "sRGB",